{"cameraMode":{"drawMode":0,"name":"Shaded","section":"Shading Mode"},"sceneLighting":true,"audioPlay":false,"sceneViewState":{"m_AlwaysRefresh":false,"showFog":true,"showSkybox":false,"showFlares":true,"showImageEffects":true,"showParticleSystems":true,"showVisualEffectGraphs":true,"m_FxEnabled":true},"in2DMode":false,"pivot":{"x":2.4386982917785646,"y":1.0315297842025757,"z":0.8946981430053711},"rotation":{"x":-0.06891120970249176,"y":0.09919387102127075,"z":-0.0068860589526593689,"w":-0.9926552772521973},"size":4.088356971740723,"orthographic":false}